FeatureGenerator,ADCCurrentInfo,Dependency
ActiveSetSpline1dSolver,Spline1dSolver,Generalization
ActiveSetSpline2dSolver,Spline2dSolver,Generalization
AffineConstraint,Spline1dConstraint,Association
AffineConstraint,Spline2dConstraint,Association
AutotuningSpeedMLPModel,AutotuningBaseModel,Generalization
AutotuningSpeedFeatureBuilder,AutotuningFeatureBuilder,Generalization
BacksideVehicle,TrafficRule,Generalization
Trajectory1dGenerator,BackupTrajectoryGenerator,Association
ReferenceLineInfo,CollisionChecker,Association
ComparableCost,DpRoadGraphNode,Association
ConstantDecelerationTrajectory1d,Curve1d,Generalization
ConstantJerkTrajectory1d,Curve1d,Generalization
CreepDecider,Decider,Generalization
Crosswalk,TrafficRule,Generalization
CubicPolynomialCurve1d,PolynomialCurve1d,Generalization
LatticeTrajectory1d,Curve1d,Generalization
StandingStillTrajectory1d,Curve1d,Generalization
PolynomialCurve1d,Curve1d,Generalization
PiecewiseQuinticSpiralPath,Curve1d,Generalization
PiecewiseTrajectory1d,Curve1d,Generalization
PiecewiseJerkTrajectory1d,Curve1d,Generalization
PiecewiseAccelerationTrajectory1d,Curve1d,Generalization
Decider,Task,Generalization
OpenSpacePreStopDecider,Decider,Generalization
OpenSpaceFallbackDecider,Decider,Generalization
PathAssessmentDecider,Decider,Generalization
SpeedBoundsDecider,Decider,Generalization
RuleBasedStopDecider,Decider,Generalization
PathBoundsDecider,Decider,Generalization
OpenSpaceRoiDecider,Decider,Generalization
LaneChangeDecider,Decider,Generalization
PathLaneBorrowDecider,Decider,Generalization
PathReuseDecider,Decider,Generalization
STBoundsDecider,Decider,Generalization
Destination,TrafficRule,Generalization
DiscretePointsReferenceLineSmoother,ReferenceLineSmoother,Generalization
DiscretizedPath,PathData,Association
DiscretizedPath,Frame,Association
DiscretizedTrajectory,OpenSpaceInfo,Association
DiscretizedTrajectory,OpenSpaceTrajectoryOptimizer,Association
DiscretizedTrajectory,ReferenceLineInfo,Association
PublishableTrajectory,DiscretizedTrajectory,Generalization
DistanceApproachIPOPTFixedDualInterface,DistanceApproachInterface,Generalization
DistanceApproachIPOPTRelaxEndInterface,DistanceApproachInterface,Generalization
DistanceApproachIPOPTCUDAInterface,DistanceApproachInterface,Generalization
DistanceApproachIPOPTRelaxEndSlackInterface,DistanceApproachInterface,Generalization
DistanceApproachIPOPTInterface,DistanceApproachInterface,Generalization
DistanceApproachIPOPTFixedTsInterface,DistanceApproachInterface,Generalization
SpeedData,DpRoadGraph,Association
DpRoadGraphNode,DpRoadGraphNode,Association
DpRoadGraphNode,RoadGraphMessage,Association
QuinticPolynomialCurve1d,DpRoadGraphNode,Association
TrajectoryCost,RoadGraphMessage,Association
DpStCost,GriddedPathTimeGraph,Association
SpeedLimit,DpStGraphTest,Association
StGraphData,DpStGraphTest,Association
DualVariableWarmStartIPOPTQPInterface,DualVariableWarmStartOSQPInterfaceTest,Association
EndConditionSampler,Trajectory1dGenerator,Association
FeasibleRegion,EndConditionSampler,Association
Frame,Task,Association
Frame,Rerouting,Association
Frame,NaviTask,Association
OpenSpaceInfo,Frame,Association
ReferenceLineInfo,Frame,Association
ReferenceLineProvider,Frame,Association
LocalView,Frame,Association
FrameHistory,IndexedQueue,Generalization
FrenetFramePath,PathData,Association
FrenetFramePath,StBoundaryMapperTest,Association
GarageTest,PlanningTestBase,Generalization
GearSwitchStates,OpenSpaceInfo,Association
History,PathReuseDecider,Association
History,STObstaclesProcessor,Association
History,HistoryTest,Association
HistoryStatus,History,Association
HybridAStartResult,HybridAResultContainer,Association
HybridAStartResult,ResultContainer,Association
IndexedList,PathDecision,Association
ThreadSafeIndexedList,IndexedList,Generalization
KeepClear,TrafficRule,Generalization
LateralOSQPOptimizer,LateralQPOptimizer,Generalization
LatticePlanner,PlannerWithReferenceLine,Generalization
LocalView,PlanningBase,Association
LocalView,PlanningTestBase,Association
LocalView,PlanningComponent,Association
NavigationModeTest,PlanningTestBase,Generalization
NaviObstacleDecider,NaviPathDecider,Association
NaviObstacleDecider,NaviTask,Generalization
NaviObstacleDecider,NaviSpeedDecider,Association
NaviPathDecider,NaviTask,Generalization
NaviPlanner,PlannerWithReferenceLine,Generalization
NaviPlannerDispatcher,PlannerDispatcher,Generalization
NaviPlanning,PlanningBase,Generalization
VehicleConfig,NaviPlanning,Association
NaviSpeedDecider,NaviTask,Generalization
NaviSpeedTsGraph,NaviSpeedDecider,Association
ReferenceLineInfo,NaviTask,Association
Obstacle,ReferenceLineInfo,Association
STBoundary,Obstacle,Association
OnLanePlannerDispatcher,PlannerDispatcher,Generalization
OnLanePlanning,PlanningBase,Generalization
Smoother,OnLanePlanning,Association
OpenSpaceInfo,OpenSpaceInfoTest,Association
OpenSpaceTrajectoryPartition,TrajectoryOptimizer,Generalization
OpenSpaceTrajectoryProvider,TrajectoryOptimizer,Generalization
OpenSpaceTrajectoryThreadData,OpenSpaceTrajectoryProvider,Association
OsqpSpline1dSolver,Spline1dSolver,Generalization
OsqpSpline2dSolver,Spline2dSolver,Generalization
PathData,ReferenceLineInfo,Association
PathData,STObstaclesProcessor,Association
PathData,StBoundaryMapperTest,Association
ReferenceLine,PathData,Association
PathDecider,Task,Generalization
PathDecision,ReferenceLineInfo,Association
PathDecision,STObstaclesProcessor,Association
PathOptimizer,Task,Generalization
PiecewiseJerkPathOptimizer,PathOptimizer,Generalization
ReferenceLineInfo,PathTimeGraph,Association
PathTimeHeuristicOptimizer,SpeedOptimizer,Generalization
PiecewiseJerkPathProblem,PiecewiseJerkProblem,Generalization
PiecewiseJerkSpeedProblem,PiecewiseJerkProblem,Generalization
PiecewiseJerkTrajectory1d,PiecewiseJerkSpeedNonlinearIpoptInterface,Association
PiecewiseJerkSpeedNonlinearOptimizer,SpeedOptimizer,Generalization
PiecewiseJerkTrajectory1d,PiecewiseJerkSpeedNonlinearOptimizer,Association
SpeedData,PiecewiseJerkSpeedNonlinearOptimizer,Association
SpeedLimit,PiecewiseJerkSpeedNonlinearOptimizer,Association
PiecewiseJerkSpeedOptimizer,SpeedOptimizer,Generalization
PiecewiseLinearConstraint,PiecewiseLinearGenerator,Association
PiecewiseLinearKernel,PiecewiseLinearGenerator,Association
PlannerWithReferenceLine,Planner,Generalization
RTKReplayPlanner,PlannerWithReferenceLine,Generalization
PublicRoadPlanner,PlannerWithReferenceLine,Generalization
SunnyvaleBigLoopTest,PlanningTestBase,Generalization
SunnyvaleLoopTest,PlanningTestBase,Generalization
QuarticPolynomialCurve1d,PolynomialCurve1d,Generalization
QuinticPolynomialCurve1d,PolynomialCurve1d,Generalization
PolynomialXd,Spline2dSeg,Association
PolynomialXd,Spline1dSeg,Association
QpSplineReferenceLineSmoother,ReferenceLineSmoother,Generalization
QuinticSpiralPath,QuinticPolynomialCurve1d,Generalization
QuinticSpiralPathWithDerivation,QuinticPolynomialCurve1d,Generalization
ReferenceLine,ReferenceLineInfo,Association
ReferenceLine,SpeedDecider,Association
ReferenceLine,SmootherUtil,Association
ReferenceLine,TrajectoryCost,Association
ReferenceLineEnd,TrafficRule,Generalization
ReferenceLineInfo,Rerouting,Association
ReferenceLineInfo,ReferenceLineInfoTest,Association
ReferenceLineInfo,WaypointSampler,Association
ReferenceLineInfo,Task,Association
SpeedData,ReferenceLineInfo,Association
StGraphData,ReferenceLineInfo,Association
SpiralReferenceLineSmoother,ReferenceLineSmoother,Generalization
Rerouting,TrafficRule,Generalization
RssDecider,Task,Generalization
STPoint,SamplePoint,Association
SpeedData,TrajectoryCost,Association
SpeedDecider,Task,Generalization
SpeedLimit,StGraphData,Association
SpeedLimit,SpeedLimitTest,Association
SpeedOptimizer,Task,Generalization
Spline1d,Spline1dSolver,Association
Spline1dConstraint,Spline1dSolver,Association
Spline1dKernel,Spline1dSolver,Association
Spline2d,Spline2dSolver,Association
Spline2dConstraint,Spline2dSolver,Association
Spline2dKernel,Spline2dSolver,Association
BoundaryType,STBoundary,Association
STPoint,STBoundary,Association
STObstaclesProcessor,STBoundsDecider,Association
STGuideLine,STBoundsDecider,Association
STDrivingLimits,STBoundsDecider,Association
StGraphPoint,StGraphPoint,Association
STPoint,StGraphPoint,Association
StopSign,TrafficRule,Generalization
TrajectoryOptimizer,Task,Generalization
TrafficLight,TrafficRule,Generalization
YieldSign,TrafficRule,Generalization
EmergencyPullOverScenario,Scenario,Generalization
StopSignUnprotectedScenario,Scenario,Generalization
TrafficLightProtectedScenario,Scenario,Generalization
PullOverScenario,Scenario,Generalization
ScenarioContext,Scenario,Association
NarrowStreetUTurnScenario,Scenario,Generalization
ValetParkingScenario,Scenario,Generalization
EmergencyStopScenario,Scenario,Generalization
ParkAndGoScenario,Scenario,Generalization
BareIntersectionUnprotectedScenario,Scenario,Generalization
YieldSignScenario,Scenario,Generalization
LaneFollowScenario,Scenario,Generalization
TrafficLightUnprotectedRightTurnScenario,Scenario,Generalization
TestLearningModelScenario,Scenario,Generalization
ScenarioStatus,Scenario,Association
TrafficLightUnprotectedLeftTurnScenario,Scenario,Generalization
ScenarioContext,ScenarioManager,Association
StopSignUnprotectedStageCreep,Stage,Generalization
ParkAndGoStageAdjust,Stage,Generalization
TrafficLightUnprotectedRightTurnStageCreep,Stage,Generalization
BareIntersectionUnprotectedStageApproach,Stage,Generalization
TrafficLightProtectedStageIntersectionCruise,Stage,Generalization
PullOverStageRetryApproachParking,Stage,Generalization
TrafficLightUnprotectedLeftTurnStageCreep,Stage,Generalization
StopSignUnprotectedStageIntersectionCruise,Stage,Generalization
EmergencyPullOverStageSlowDown,Stage,Generalization
TrafficLightUnprotectedRightTurnStageStop,Stage,Generalization
YieldSignStageCreep,Stage,Generalization
TrafficLightUnprotectedRightTurnStageIntersectionCruise,Stage,Generalization
PullOverStageApproach,Stage,Generalization
EmergencyStopStageStandby,Stage,Generalization
YieldSignStageApproach,Stage,Generalization
TrafficLightUnprotectedLeftTurnStageIntersectionCruise,Stage,Generalization
StageApproachingParkingSpot,Stage,Generalization
ParkAndGoStagePreCruise,Stage,Generalization
TrafficLightProtectedStageApproach,Stage,Generalization
ParkAndGoStageCheck,Stage,Generalization
EmergencyPullOverStageStandby,Stage,Generalization
BareIntersectionUnprotectedStageIntersectionCruise,Stage,Generalization
ParkAndGoStageCruise,Stage,Generalization
StopSignUnprotectedStagePreStop,Stage,Generalization
StageParking,Stage,Generalization
LaneFollowStage,Stage,Generalization
PullOverStageRetryParking,Stage,Generalization
StopSignUnprotectedStageStop,Stage,Generalization
TrafficLightUnprotectedLeftTurnStageApproach,Stage,Generalization
EmergencyStopStageApproach,Stage,Generalization
EmergencyPullOverStageApproach,Stage,Generalization
StageIntersectionCruiseImpl,StopSignUnprotectedStageIntersectionCruise,Association
StageIntersectionCruiseImpl,TrafficLightProtectedStageIntersectionCruise,Association
StageIntersectionCruiseImpl,TrafficLightUnprotectedLeftTurnStageIntersectionCruise,Association
StageIntersectionCruiseImpl,TrafficLightUnprotectedRightTurnStageIntersectionCruise,Association
StageIntersectionCruiseImpl,BareIntersectionUnprotectedStageIntersectionCruise,Association
BareIntersectionUnprotectedContext,BareIntersectionUnprotectedScenario,Association
EmergencyPullOverContext,EmergencyPullOverScenario,Association
EmergencyStopContext,EmergencyStopScenario,Association
ParkAndGoContext,ParkAndGoScenario,Association
PullOverContext,PullOverScenario,Association
StopSignUnprotectedContext,StopSignUnprotectedScenario,Association
TrafficLightProtectedContext,TrafficLightProtectedScenario,Association
TrafficLightUnprotectedLeftTurnContext,TrafficLightUnprotectedLeftTurnScenario,Association
TrafficLightUnprotectedRightTurnContext,TrafficLightUnprotectedRightTurnScenario,Association
ValetParkingContext,ValetParkingScenario,Association
YieldSignContext,YieldSignScenario,Association